0.003871849214671208	-0.05822601579808406	-0.04642731049949256	-0.04455712173261395	-0.019217023697889024	-0.019555916113229266	0.09547615423165201	0.0960934390658077	-0.1840327708134093	-0.22475361975405872	-0.22627422389481788	-0.2444769764504715	-0.24415660490801216	-0.2852268001677516	-0.29691731873425	-0.2950941440003674	0.02704732283884792	0.030095642482452556	0.02461208018861849	0.08201207518641418	-0.16306228255656352	-0.11060549380695206	-0.11526047214441015	-0.12062494007240909	-0.08457511257133166	-0.06582602028119688	-0.06769283391537306	-0.09997109318022024	-0.11422057248528272	-0.183245519346382	-0.18254492251038124	-0.20620426532706881	-0.2551686019849093	-0.24909588226719825	-0.21304064525957567	-0.20876454666852307	-0.28291304100752357	-0.4139318217727095	-0.4157011284060135	-0.4137434825177071	-0.43052258758656126	-0.48498636050792254	-0.49266108357356564	-0.48764253699206495	-0.5469821898134335	-0.3679980291959828	-0.29775518055856565	-0.30833369131934063	-0.3488817594553921	-0.3599150487833114	-0.3501230730356686	-0.3412896974870532	-0.37712075423176983	-0.43472651151531916	-0.43597649493350166	-0.46803184943422527	-0.4654248001859431	-0.4656603788854665	-0.4702354208316206	-0.46595923447724963	-0.4718519145221107	-0.47849285301586275	-0.45091677789745854	-0.5664044277920024	-0.6451550257344569	-0.638877247946289	-0.6303135704224656	-0.6648495703939024	-0.6675882061525595	-0.6713705338253375	-0.6722175772031276	-0.671145682639551	-0.5772446816358843	-0.5944263570042125	-0.5896713911706735	-0.5921575238916283	-0.5890576422187681	-0.5895287046896607	-0.5956620262371632	-0.6279372095369171	-0.6510190527125357	-0.6529217474857438	-0.732372484033122	-0.7402355877538851	-0.7356073173720523	-1.0267784211593984	-0.9887851034247779	-1.0208907971596328	-1.0241165271528458	-1.0434848952206794	-1.0455801475130568	-1.0402637444552714	-1.0468236465437506	-1.015759915166189	-1.0142635147114347	-1.081402816812706	-1.082049844383208	-1.0631145646572027	-1.0694225480046986	-1.0978272941638572	-1.1008641213467236	-1.0976820784122994	-1.1837296001807929	-1.181237635706976	-1.229324069324832	-1.3014334199575115	-1.3010484902443793	-1.2876116809111797	-1.3177653644880143	-1.3272711059659754	-1.3819959051715058	-1.3821689399251624	-1.5567714771827872	-1.555552420442295	-1.551954200982575	-1.5812562495693803	-1.5748271879657774	-1.5704762039522404	-1.568405359124928	-1.5694083714722329	-1.5478792368045526	-1.5885593008178154	-1.4748770009098393	-1.4860831130061862	-1.4817056455171207	-1.4824543504274506	-1.4989123959208033	-1.4983946715548553	-1.5051911660314439	-1.5269819579375474	-1.521672094665352	-1.5237409172658791	-1.5256914606529894	-1.5448155322728578	-1.5432621421002366	-1.5400580405620825	-1.5343619052803887	-1.534840856115857	-1.533723075091234	-1.5337233604879124	-1.5341179330598276	-1.5561598304848416	-1.5574359107285265	-1.5664912179486603	-1.564303366859279	-1.564369249942718	-1.5654143579034636	-1.5764907612473043	-1.5781655296554702	-1.554420805591752	-1.508288597561539	-1.5240150064523317	-1.5184489180311085	-1.510186214372825	-1.5087659082006228	-1.5001098990720598	-1.5081280695683021	-1.508559804906198	-1.5089250350084382	-1.507298374188306	-1.4746332055097489	-1.465773537258167	-1.471044668222133	-1.4594957098677457	-1.4420376063395886	-1.4447917699410515	-1.4445017970757437	-1.4436446876261007	-1.4436318962301111	-1.4422740149850923	-1.4427747370030335	-1.4331283184652805	-1.4298259086600982	-1.4296916891894502	-1.425546707909698	-1.427548984844971	-1.4241347724577789	-1.4213767235387513	-1.4213328975934008	-1.4341996903598713	-1.4312668031521814	-1.4222977666900418	-1.422380505208675	-1.4470908153593693	-1.456291516052142	-1.456240223417787	-1.4548507839955411	-1.484597497204857	-1.4824281822785912	-1.4826092496993548	-1.4690548958382903	-1.4844799969275655	-1.4846727335827554	-1.4701682170447368	-1.4703160366185404	-1.4689178624998263	-1.476267047120105	-1.4718109318885475	-1.4718345396870787	-1.464602192650802
0.4578125316995576	0.27694744818381123	0.24802721229187408	0.2463348578838469	0.18832832697575053	0.1910414221367549	0.12772155695772924	0.12694942306898138	0.412614327287234	0.33721802333789097	0.3369620295378519	0.3128793200441795	0.31113014972923914	0.2955537701667055	0.2786074815639352	0.29353131055509807	0.22498519454827792	0.2232662854524481	0.21497265649091246	0.12717837326774162	0.33219984490756316	0.21064679360610894	0.20822234597913103	0.19688866540301686	0.04032796914965542	0.029960515201028937	0.029652738892052666	-0.07797914141519291	-0.15995903429628133	-0.11545049700701582	-0.11611622966899793	-0.11906767415112096	-0.10703282156334559	-0.11213945680238702	-0.10997311493568396	-0.19216379721215393	-0.16093540195910516	-0.20303556132828948	-0.2059813440814513	-0.21625852765137443	-0.343086789776047	-0.33132272616878966	-0.3319026996581729	-0.34909523870752124	-0.3835111091681469	-0.43574437855082526	-0.49159756750552996	-0.5424322663623922	-0.48347123038435513	-0.538786854982068	-0.5863634955029473	-0.6331161114603641	-0.820608664693	-0.8484399686528301	-0.8492848789433809	-0.9128195964138575	-0.9234098517470464	-0.9224472517508955	-0.9205578808123731	-0.9390114611424696	-0.9196628083417042	-0.9147601137091426	-0.9289659670172579	-0.8099744964885469	-0.7196247647349721	-0.7363886435729345	-0.751185517473208	-0.7282710516679465	-0.7270025163992953	-0.7073063411378355	-0.705765925625564	-0.7011389026700565	-0.792348445300932	-0.7803213574442742	-0.7759087847176411	-0.7736293893633406	-0.7739867652809969	-0.7737099025695484	-0.7714622391224701	-0.7744253346118726	-0.7870100606305319	-0.7643647019638122	-0.8341186869301274	-0.8371930208695122	-0.8758013542689735	-0.9792691580215676	-0.9745670047108212	-1.0186413579895877	-1.0207465836676792	-1.011240389488899	-1.011354077472738	-1.0208303288712959	-1.0223052088902012	-1.029397839810945	-1.0308879553861494	-1.0869751733185413	-1.087556037492112	-1.0936712902914028	-1.1325742910592964	-1.1507996635401596	-1.1621001986122337	-1.1681310537061107	-1.179538630314975	-1.1815688295958593	-1.2377288969362426	-1.3240048334162082	-1.3240107932513634	-1.3259144525646291	-1.3032135291224274	-1.2918359227579075	-1.2764005898100221	-1.2758768137266074	-1.3703046433457609	-1.3696433690075562	-1.3795478715450076	-1.3786278319948335	-1.3691866060678872	-1.3733114379350198	-1.3694447912309464	-1.3639240193060715	-1.4927595874241597	-1.5033678168739637	-1.6149337670968504	-1.601237030616095	-1.5987930953174059	-1.5991618684398146	-1.5953778852751854	-1.5957073184780206	-1.594412921110335	-1.6197341079010028	-1.6174491520887566	-1.6184699204106086	-1.6181340664016421	-1.6150301074897218	-1.6112134748652054	-1.5889927397922758	-1.583946285704264	-1.5827459915421154	-1.57283106811237	-1.5742863220732473	-1.5742125436774772	-1.5894006388192705	-1.5877892696813436	-1.5954284013961912	-1.5778486137585677	-1.5778069516416318	-1.575330462856565	-1.5635394583858806	-1.5639621953560996	-1.5931057755408358	-1.60493425817803	-1.5696087402734917	-1.5795140047497098	-1.579890831190285	-1.577474515191634	-1.5841860649071637	-1.5710327159426767	-1.5622883165794	-1.5618505586306963	-1.5613871195233637	-1.6111800180674927	-1.6404107121789344	-1.6248545327785837	-1.6353527838430792	-1.6256142362101518	-1.623766370202768	-1.6237093691221418	-1.6239601664811991	-1.6248334883394897	-1.6303712679289875	-1.6307329954142629	-1.6170315565149156	-1.618292739896973	-1.6187988127554276	-1.6175092721849504	-1.6142389301295321	-1.6143797818430488	-1.6142548247811794	-1.613917360577737	-1.6258613053871847	-1.6314976279536844	-1.6542583944834834	-1.6543854741965591	-1.6562204419386293	-1.6336294823085729	-1.6333742498082942	-1.6273190042781136	-1.6442856046807315	-1.6470584530590393	-1.6472948352914838	-1.6390459317763668	-1.665659727720209	-1.6664584432598633	-1.6394621222128254	-1.6397203053705927	-1.6404249086983442	-1.6294384149992196	-1.6319767263148302	-1.632014999487397	-1.6508645367527433
5.26714205719702	5.453717482166796	5.462437116534427	5.449651898924325	5.399481082001488	5.397402039505594	5.585090914523475	5.583696450120603	5.476086273130048	5.474214882330603	5.474534957060955	5.452796538496331	5.453646110269415	5.6882093787103525	5.680296056339896	5.667764799397976	5.693688466254614	5.697913790958808	5.688186681432137	5.751443579077464	5.4886609154618275	5.451946012254052	5.44281959573977	5.513481547261453	5.523538214719399	5.544910151802713	5.543680247217048	5.557378225374619	5.64810248640606	5.480911380913562	5.481386309897056	5.472491894769386	5.379269411217586	5.383968066376879	5.406672751914961	5.502010116015252	5.3813969539706985	5.331437409811963	5.337226685803809	5.329250420598369	5.122187889903	5.072459952509108	5.07069259455339	5.088129270466068	5.116440078526796	5.15678061434159	5.0661978399640955	5.064370298579844	5.090846615945	5.161664391889407	5.110553564325929	5.126943418269955	5.509176916486829	5.432753341180325	5.432932968364682	5.392469215425439	5.382327279798593	5.381758127562464	5.336537493653102	5.332019343826741	5.326061692897158	5.340555698206167	5.369287172594893	5.335956064731066	5.216545893567043	5.223662889903671	5.2099086057076995	5.198953659596195	5.199020320280483	5.190743428502256	5.189333304039823	5.172735561046494	5.218312010604649	5.21673216919932	5.220723401418829	5.224472263074406	5.2239144834197235	5.224322619357122	5.220365271397137	5.178022436396596	5.188939777498767	5.1788941720585235	5.2485407388226	5.238303891573409	5.234068700986728	5.292768373265412	5.29922716737634	5.196504707843895	5.192855842038529	5.2061922652830654	5.205976345897783	5.1958741633670895	5.19546979155229	5.2575533417016915	5.257519651530692	5.183833555015062	5.183627362539475	5.195575842745347	5.185167937503593	5.206479235672682	5.195726352764483	5.199355053288559	5.213217368744221	5.2192380389538915	5.129950428335083	5.097019029964377	5.097337991480902	5.094892008327124	5.052751083991611	5.02941781874215	5.011137460005649	5.0111192284587975	5.027700309769201	5.02781396638115	5.038409438404311	5.04451713940283	5.026675406155551	5.027411705166446	5.025369411221772	5.013485725854583	4.992489526016556	5.030573095125664	4.995741991728029	4.9955113489757315	4.999823510465586	5.000098690692996	5.020567503914813	5.020657428822691	5.028058849666786	5.030646639652968	5.029335469460977	5.036320864876241	5.03649206156446	5.052072660278061	5.048465535481231	5.027499934545588	5.033514436430907	5.033886545294027	5.048878405997355	5.0489370323531375	5.049334672566562	5.051143750429056	5.050309398839875	5.067131187583801	5.0732831988560125	5.07327464655301	5.071101684991622	5.0824881378036055	5.081885517784453	5.083007667498888	5.104051839941289	5.08981663981564	5.108618186020189	5.109701714251346	5.111938017641869	5.112075993841239	5.100061884371424	5.102466699292256	5.102743155255723	5.091707818001086	5.094477853530555	5.086917773689775	5.08832759827477	5.080923564444019	5.085918630420766	5.089454338685194	5.088521380050472	5.086426350894771	5.08662151446725	5.091276652243618	5.091094821064171	5.091622466760373	5.091679633084553	5.091574020835443	5.09151265517028	5.092545542816742	5.094638572033245	5.091635488030556	5.091294412725746	5.079655014375234	5.080772039348611	5.085708855830537	5.086867735005378	5.0671195133367615	5.061991067047236	5.061293625559167	5.0589753826392	5.093947420895065	5.093826609737661	5.094316118437161	5.084639671450362	5.057552984772954	5.057670770111079	5.055451596793792	5.054921574970969	5.056152063798432	5.051216484351345	5.051141712494983	5.0511204030780545	5.029484385771047
8.717055826776297	8.69405708774261	8.70377307735849	8.709020299721649	8.719269927880148	8.727199472637581	8.695125339260425	8.698637371275245	8.781358080987024	8.8762434273002	8.87368359874692	8.913097198187247	8.903415651365618	8.43509878604498	8.422665948437642	8.454021667563735	8.78188788796247	8.774696791169726	8.778485184573377	8.887802640976245	8.982789016136818	9.166098749561984	9.166378472369452	9.214313524422597	9.178815391128815	9.134629757247769	9.134312393430237	9.310160514693646	8.97906923492119	9.264279279429417	9.261950668956022	9.265120278605737	9.232122296010013	9.249994083305774	9.205681299033042	9.151284258250007	9.23983681729949	9.254944496310749	9.24281671674659	9.249513227661932	9.205595266646839	9.384612705509996	9.358776216518937	9.355711501501014	9.386588759840292	9.225931099548127	9.244241983684843	9.268422448059772	9.342327443771119	9.46899411678829	9.464287302755448	9.466200918872936	9.270018370101207	9.460349635196364	9.457145152835551	9.52162648011177	9.535221171327912	9.531449705745793	9.509262238756047	9.532638749131888	9.523078413071248	9.499798323087226	9.635841639500645	9.645447983888074	9.807310106934034	9.809640041910065	9.804869967765091	9.813510742487791	9.811681758250153	9.870973876953155	9.87317155137078	9.914178330353343	9.920411383238644	9.907941211279828	9.87864530325988	9.877697170245723	9.876075475821521	9.875220278880333	9.878395322513986	9.79482891883671	9.859691403542193	9.918363253127717	9.769643948436421	9.760161744609016	9.819631181126084	9.815429513556436	9.75136217649321	9.659968306836172	9.652750717271504	9.619717016487572	9.621954265069236	9.595011705514434	9.5910242175399	9.652620159385853	9.650733267594171	9.53412704648581	9.53530427079324	9.544871870496763	9.506245274853143	9.482632274473753	9.496406931713574	9.471662124872257	9.643307688594401	9.637680613697603	9.455802560814286	9.546433190667464	9.546295660836893	9.559848837288886	9.513044192021274	9.49791770851573	9.606885232842567	9.609510036252543	9.651917957028955	9.658482963107483	9.652126264172104	9.618534894706974	9.61309391452141	9.61279529250112	9.60422807025766	9.615842066927689	9.673952111057186	9.643940652806085	9.686651946269762	9.694978446740667	9.718639023507743	9.718709517812734	9.742378922224376	9.742384386789084	9.73985149036305	9.763425390330596	9.756163943770916	9.762838423086702	9.763546460930666	9.768070132545388	9.776151421037445	9.789438799032727	9.811340701996897	9.808369720464643	9.82613991205447	9.826377995039497	9.825873222249731	9.799009906560876	9.7988461034016	9.818775885302774	9.81860835127639	9.818796331028107	9.822191095968462	9.822076819336477	9.827080265885145	9.80944036090711	9.817507545397337	9.838041357748006	9.817457424277801	9.785115138143906	9.791592073421223	9.796174915461965	9.844381605970426	9.847303297880686	9.848035879985572	9.828550850623712	9.975774441080322	9.97604100048308	9.984367423589168	9.991184005993734	10.034946490599308	10.031477089080925	10.031811091034974	10.029714856196989	10.035532363072816	10.042486899184846	10.042893355282928	10.064369630862805	10.061653908649692	10.061402149817292	10.036892184163092	10.042849062644844	10.044433696765314	10.041818236713723	10.041731270324334	10.093709477571421	10.09306205921936	10.094715577208326	10.096087067297402	10.048300738330784	10.046630805934381	10.048490454528418	10.052318146519482	10.060897642865584	10.058588285569702	10.058235375333298	10.066431368985764	10.033499666028138	10.032373384324488	10.041568621983256	10.041177153059971	10.045617382875562	10.066761260137596	10.068729591394778	10.068706925483436	10.091962728862756
6.75990659000572	6.527741136750314	6.5059475296144065	6.521685480314318	6.519283319568164	6.511998671374717	6.683642142093581	6.6780950926542815	6.696862844202469	6.651530433110356	6.652638937967434	6.67231706387242	6.685810296171105	6.968820378522112	6.963359097631963	6.980920818910009	7.338545677081433	7.338569930960927	7.361948326909991	7.243319499727033	7.573287009975564	7.407285176245281	7.389670030812321	7.525205530833116	7.573254074579524	7.527288997387591	7.525534467556037	7.474772021704647	7.4952855175142945	7.684048513986944	7.686443970039035	7.636337440800807	7.578778255765241	7.5379899241144726	7.523358942946114	7.5720531791717	7.449839174562131	7.5016384255262345	7.518283499840793	7.499147689326728	7.680609234753115	7.706070791000684	7.7036320826275	7.702474152386252	7.66523120819317	7.875810001461298	7.9298815808350955	7.909746275335394	7.865194345896441	8.002430359420787	7.991672040587144	8.005005514945909	8.224657318036588	8.178592727497843	8.174676641574063	8.07965488120437	8.078068114678821	8.0801820723286	8.141602032646817	8.168277714398677	8.227560662245832	8.236428502913013	8.25578032762357	8.079288340034571	8.365381724377924	8.374269708067736	8.378309800033811	8.325282267076338	8.329526197990482	8.324093453247785	8.323793235101036	8.331454190464083	8.425032905341522	8.418604488691031	8.419493205279217	8.419914471802471	8.422143142177438	8.42252169120709	8.42918999835501	8.419170916120198	8.373456290620902	8.321690703809677	8.145852094273552	8.167238892709907	8.347205820985739	8.18641222199989	8.263641718995116	8.159111069974657	8.169986631965129	8.080742543156212	8.081807537494896	8.087783145019342	8.083572878664507	8.060422614386276	8.056921638602114	8.0534449241577	8.05287979120275	8.038534565308844	8.008809174849663	8.054290962741872	8.048066539447142	8.070865870648918	8.029065582353445	8.037690335858048	7.963215522674798	8.027012198118436	8.027190038018913	8.046568883565854	8.097396090335913	8.24750332384496	8.293313919781005	8.292939366262846	8.072524725098303	8.066184905218945	8.05684133007182	8.101942859355278	8.149398578316736	8.14722698853195	8.16878430596339	8.181518577423526	8.152298428397527	8.320582097641447	8.27847107155345	8.306910603706308	8.316341812717797	8.31637434055067	8.292556105721012	8.290766457785066	8.282600609045447	8.299720671537752	8.29740537983302	8.295474813863693	8.294062668743585	8.196241371467822	8.200870460922532	8.197031807056474	8.198783198194162	8.200188043067035	8.207961417567818	8.20619998687279	8.205770742620606	8.200420625997804	8.197357634944673	8.244374803322742	8.2511138604823	8.250915803506919	8.249260039102214	8.25339786281369	8.245054739940304	8.268454431589388	8.356538263377837	8.482000006499176	8.475867546154902	8.516061084285592	8.515838508282283	8.49598805387248	8.50289038152717	8.518468306572952	8.517808791111559	8.511842934317164	8.426475086775937	8.44456857461369	8.44206799733701	8.463981783540001	8.471135583148042	8.47692551597563	8.476285139591496	8.478619168461021	8.476680295006036	8.477044349043792	8.476795354396574	8.491555909238588	8.486547928776758	8.486417451517593	8.489965178828566	8.4908849510373	8.505869724581446	8.515013251231736	8.514744792697408	8.507557270591992	8.512116261565314	8.508913952652833	8.506470045504843	8.505480789435282	8.534603526944437	8.53418359020833	8.555141591592223	8.473293393089719	8.478121198387932	8.478779582758786	8.503946442543269	8.501703701532549	8.501962671891453	8.572609148878634	8.572981158475644	8.572879799601374	8.5562258364531	8.553583822454843	8.553507539068457	8.560627196577153
16.658442967520013	16.9289654284777	16.92050915511651	16.941639565607268	16.923549526703127	16.92656626378738	16.838046709932957	16.82898693104128	16.81030695224553	16.80695546450926	16.805612038144243	16.77668302259887	16.776374815840246	16.63843261410052	16.628510541499036	16.626971890878	16.60827302712882	16.614265830177857	16.60758147659818	16.558758658519245	16.91086130127264	16.822471994912867	16.828284172601364	16.79765075106566	16.829362620970326	16.825036981377945	16.821471408692705	16.802412839356194	16.85288761038118	16.8740161502218	16.87214368317691	16.836216190618245	16.90939422773121	16.894777699555437	16.889332263923105	16.84177082784693	16.744563343552272	16.863782279677185	16.862570755687557	16.861088456766527	16.867952484802025	16.857881717690077	16.88951892678787	16.893168578745396	16.899793168311913	16.85627088036056	16.840566677498668	16.85720468267232	16.891068209808413	16.779717606067155	16.750591664175573	16.767669938978738	16.771716358276503	16.765830981529152	16.765844280240565	16.760960806855046	16.76352228438081	16.76317300797339	16.802421824194365	16.799723388528534	16.776899006064877	16.77544486051072	16.792442213247504	16.774735874805586	16.80908183506859	16.822813758976753	16.811736022562584	16.820020154151084	16.820734065491177	16.791517259986833	16.789907932953714	16.805715525488466	16.773316641339846	16.7642254931082	16.762746365339364	16.762328974043044	16.764923499453737	16.764715896957256	16.768537427450973	16.785135482967828	16.79847172996839	16.781465204035015	16.651249297322483	16.650449895540106	16.692268019872458	16.564197983706393	16.57055491110454	16.535224408847093	16.536582521896197	16.525070799642435	16.527512048609342	16.526628906570398	16.531325694415603	16.537175773371136	16.532079254693937	16.50931991888529	16.508919734110687	16.51016467861565	16.536062122939697	16.542322483463188	16.521575005177283	16.528362208754938	16.600687745012323	16.606865617195016	16.630657499478104	16.592168941028767	16.592744007626262	16.595768222690857	16.664624915050275	16.645070433068735	16.62371421785547	16.623778881530804	16.5458070504797	16.54690471563961	16.551686911498038	16.558961697613633	16.55726179415108	16.565894200685573	16.56911907678292	16.58592880736181	16.636838229134987	16.70951471391233	16.86822203460857	16.87028998456911	16.873468479458133	16.874564944586975	16.862277711543957	16.86202055632749	16.85468463356478	16.88238511347196	16.884847223840183	16.886897266097492	16.88726992879198	16.872159891441008	16.874425421350182	16.874659776066892	16.880871972524645	16.879433914617575	16.87568227067994	16.875487896114535	16.875299290921042	16.85086981546213	16.85113488947788	16.843853696307924	16.84631129799704	16.846214352353805	16.845660518293105	16.845090267881535	16.844336452550717	16.861027699587932	16.879546223647388	16.808503239503864	16.78770205400686	16.78019655649966	16.785461372571902	16.790115782016457	16.795172467037787	16.79878450821219	16.798766862334446	16.808766306612394	16.74097103727483	16.72132662221154	16.72744045596883	16.704593184972843	16.69772890636278	16.697353345743046	16.69819619168781	16.699767377152906	16.69880188871563	16.69676783571777	16.6975329140195	16.696104789485222	16.70368188447877	16.703531154895124	16.699401678992672	16.69976312987601	16.699605689550083	16.69995652883526	16.70019311337181	16.651194979163453	16.65749500937843	16.673496412961427	16.67361563450562	16.67833898363664	16.68598631362247	16.685512149995965	16.687440350595175	16.681052803715197	16.67693597747838	16.676423757649502	16.65952563020907	16.663274570421606	16.663524380012603	16.69982854077626	16.699934491410207	16.698717031716377	16.694699677480102	16.690053474377486	16.690023057783762	16.675857200562106
15.36314843870773	15.508462299436534	15.488978293755775	15.483855435128802	15.535716242131352	15.539641361830448	15.592899585534505	15.600768535674552	16.086847316586567	16.110761783306472	16.110014943213777	16.123336586862134	16.130057473029705	15.954584814964612	15.96937978034801	15.981791147843595	16.1245606340675	16.117071362746554	16.15132063935458	16.126428495207783	15.987406620478582	16.07671583661978	16.08735560432331	16.06975122740513	16.053564399982847	16.08206091155157	16.078662797286803	16.162952357770777	16.018628920723206	15.924562583435309	15.922811944204293	15.940471768064246	15.95344321817935	15.945580770424396	15.928978425698507	15.929157467295601	16.06922490607315	16.331546880846304	16.330836603029592	16.315416077477607	16.200871101492854	16.23931753681149	16.229016522913316	16.21096926907892	16.211003793365016	16.282161548217914	16.32715238296932	16.374304317336716	16.386683677978244	16.462173445009938	16.44040342749713	16.405411135835596	16.4059912219364	16.374464741698773	16.375040345543287	16.288993797355634	16.290435388121647	16.29058400027118	16.311617800899185	16.303787851177088	16.30916644172883	16.30874104428851	16.328104936796855	16.283075760141514	16.33229728854681	16.34017571894309	16.33749083265084	16.355014218102212	16.354298782729515	16.325134034499126	16.323070489635207	16.303901046837844	16.27938850164164	16.275483929602277	16.30061607467311	16.301131952557355	16.30128699114367	16.301237536152335	16.303991087068567	16.329071054804647	16.38511255250491	16.406326044594103	16.497924706490025	16.500399932059235	16.52412468917316	16.662770112541338	16.65158304098683	16.571867987258557	16.576443590351275	16.573732757587873	16.573893973330144	16.57374766247186	16.57095370258799	16.57920458406166	16.594363350101197	16.541995093872085	16.542258130398235	16.56793144579915	16.589823164549344	16.564046413775777	16.564391101766812	16.556573208170047	16.474936524099626	16.47076800043259	16.454739978201616	16.500464385899225	16.500323049470538	16.49634357997544	16.50003766280829	16.47249374619685	16.478747589836182	16.47958947409754	16.388547664833947	16.390768189650906	16.3948724064332	16.4012216367508	16.385920248616618	16.38210261003407	16.377234944524954	16.359270159001795	16.326178323260436	16.363586063171734	16.333218129510005	16.326415338241656	16.324351620878765	16.325012871328525	16.320636066681317	16.32111718542862	16.32014364313322	16.30169020679483	16.30831100146495	16.312847696346388	16.31318847566484	16.3503476591706	16.349561528051172	16.35777423309607	16.358138612339324	16.357714103051684	16.350923527827266	16.34993970140005	16.349358509105556	16.340303571735916	16.339575437342337	16.324194200710128	16.319280381691804	16.319222824227346	16.316095819883053	16.315798313056565	16.313005284697205	16.325400139395477	16.37202045324074	16.37218252780709	16.363100011080096	16.34839439263879	16.35107964009158	16.35051486684194	16.37986721108787	16.378227761784274	16.379276844939504	16.364730273221507	16.415274416539017	16.432183756634846	16.4325129777661	16.438244060712716	16.430608519088565	16.428788253647472	16.429972515241303	16.431011345823492	16.430592152604767	16.43182372080737	16.431227383978	16.429552217089544	16.43149912972252	16.43158327965973	16.427404290633255	16.42770212508801	16.41910429536311	16.428159061261844	16.428050704256194	16.452923160599937	16.45307490714968	16.46021685008808	16.461001119749177	16.483425298203105	16.49295828012313	16.492569068961092	16.485530149551842	16.482462009928057	16.48493867399081	16.485931812620496	16.487083030241934	16.443617196714563	16.443655149268206	16.433682127552196	16.432854101815362	16.432213452833942	16.43108252607869	16.428062884444767	16.428075715698085	16.40292571612139
2.3240506801333476	2.5419142122331086	2.529517808963227	2.5440876504697916	2.542866692846321	2.553724107307386	2.4711316580074065	2.4650298852278416	1.995276555900492	2.009185806463689	2.0076086732356275	2.0492433433442487	2.075902962267077	2.6055887004906313	2.5748582896228864	2.6152752068990077	2.5376701910042696	2.533068091508386	2.5703627516685237	2.6614727610493327	2.6621496589101232	2.407971768809737	2.4239512745782994	2.573864910602415	2.42403689548739	2.452513213065731	2.4577208033820668	2.600256536342068	2.58028628774529	2.732284293232662	2.737327283915323	2.7093940267559957	2.7693200178234854	2.7580874622295726	2.6934183114832466	2.7873744233882674	2.7805984660054746	2.6120690938725932	2.627479030131143	2.655134138086244	2.3894541833911065	2.327096809586462	2.333478867192085	2.325705235344986	2.296652952623721	2.5160350921481514	2.6337401469051995	2.6542171091978664	2.7239428251251097	2.947781359183974	2.776764783810372	2.7765636649696335	2.708115938469191	2.809790765346436	2.812235941587164	2.8056354153009013	2.811256027067399	2.81150805426343	2.7745630512224437	2.7833001235497754	2.776500471384991	2.783783426655342	2.7553916490677017	2.6371273724792994	2.5195211578096	2.523124662000766	2.535522103274796	2.570084239551262	2.5695253484225984	2.51574198720441	2.516005151111984	2.483549841637698	2.44555161070105	2.4817772218949417	2.484577868990958	2.482409440146011	2.483125315343641	2.4825818181696584	2.5004048772173015	2.4506973870927893	2.492146868904313	2.4707767067764195	2.3166030146187486	2.322629971174632	2.253425078926891	2.2137506717707254	2.158322685944885	2.1490152508696214	2.1434512498197567	2.1804659607341565	2.176470975805318	2.1799662098108294	2.1638880842054	2.2512163361373796	2.2578087667818583	2.3086580604205897	2.3084014468511542	2.336747563322988	2.328167572680144	2.3014934556643105	2.311936175602764	2.3171526079078046	2.2945492337836635	2.303247707333381	2.1542708613986865	1.9174174101571548	1.9179979026436975	1.9021723787821774	2.0596546928022312	2.144929396647174	2.0808775990915045	2.0804217243310994	1.8080536395863263	1.810439204767964	1.80524905401139	1.8286801702287891	1.850996095008389	1.8419222869836451	1.833280163432943	1.8542732053729751	1.8370170117357358	1.8570235249849611	1.7946785833721104	1.844241617278732	1.845144888668397	1.8437976393538973	1.8519542141763075	1.8518376377296772	1.8533696482071282	1.8764448220957606	1.876369541627319	1.869175256163134	1.8658312285068965	1.9200967289527533	1.9227710005705452	1.9141364758770059	1.889719940585855	1.8871352657961302	1.869942466515731	1.8672511883396443	1.8686939056255953	1.8636364405087793	1.8700382563360582	1.8950653789898713	1.9385320972783187	1.938376397477358	1.9374308975353098	1.9338525774587185	1.935439032583408	1.9014355540789896	1.8825648836614373	1.8985375452084519	1.9165505054555791	1.9039702784149357	1.89711538920261	1.9240162311998223	1.9440133074938706	1.9350107728769501	1.93628689972119	1.9405535698413134	1.9467887602721061	1.971341831630249	1.9888115448959918	1.9822297595135414	1.9401200534073444	1.941291959449828	1.9422634301298154	1.9445355800544692	1.9404836935339655	1.9419908939693202	1.9419861834614598	1.9594255393509592	1.9681971186409957	1.9686669170902482	1.953980476990572	1.954095541429538	1.9566786591874687	1.9591280047918507	1.9589194993601189	1.9971868579239809	1.9893263081561463	1.9954227446911563	1.9928693391317889	1.9665584614916782	1.9700957049686876	1.969743055407039	1.9845461595196	1.9817391255106418	1.9773110010995436	1.9762975202512636	2.0202790089475773	2.0300025019137267	2.0311616162467416	2.062601459665074	2.0641765055012486	2.0637855631401223	2.0582237121702884	2.0664624170672603	2.0664313623100528	2.0342143336995617
-0.6504179124709224	-0.8810806026820293	-0.8607093957570962	-0.872574203400869	-0.8854739513557364	-0.8784320268601649	-0.3050883422505304	-0.3063371805445356	-0.3459980780000227	-0.3906304387792051	-0.3895599858535458	-0.4220008030872928	-0.4212739811920836	-0.39716355441717055	-0.4056543111411631	-0.4244997247614468	-0.0479743843001918	-0.0364549045423313	-0.03539954078688745	0.003311359619640575	-0.4922229904523514	-0.6219517085661324	-0.6210446174777202	-0.538384639431071	-0.5124684057606745	-0.4932885726256636	-0.5005446464881279	-0.4186800362797535	-0.3206014528891096	-0.5861960931390633	-0.5918240852627521	-0.610067162325252	-0.6458812883289735	-0.6570599976156022	-0.6544333555433113	-1.1500077209731243	-1.1803664502484947	-1.087872822803797	-1.094115028850388	-1.1101353435099581	-1.019031338452991	-1.0593982487076128	-1.0226180192615306	-1.0078957120811094	-1.0699277245014172	-0.9041425493886168	-0.8364986557997842	-0.8780477825432966	-0.9181174008177178	-0.8150043915601413	-0.8493247459227304	-0.8609756052956405	-0.9072305296711554	-0.8837667885985432	-0.8840604186704037	-0.9069096631132174	-0.8979356125079325	-0.900551309911154	-0.8529073462788064	-0.8798624534150816	-0.9143556512975408	-0.8955034166400111	-1.1374920051710737	-1.0809571682582428	-1.3310543040612783	-1.2705369093251935	-1.291395409573099	-1.2481145022099718	-1.246608533016928	-1.2232465562521335	-1.2188336165929972	-1.2607895817343493	-1.1206403942389134	-1.0926454660408678	-1.1034777737811703	-1.104344962037829	-1.1097259637559167	-1.108425067542272	-1.1175682792906627	-1.1035178462432715	-1.1369952040680644	-1.1271583582389828	-1.2095919254400758	-1.2217112625408704	-1.0800760415956423	-1.2606587190846	-1.2337769235694422	-1.0171169004829912	-1.0143714217583868	-0.96637363557953	-0.9668999943216077	-0.9590039849589895	-0.9635516151104166	-0.9939503043704068	-0.9824432625559707	-0.9539039535530449	-0.9538363664432337	-0.9836510729384127	-0.991105312902854	-1.0634983119776227	-1.0797588792436301	-1.0507041093921317	-1.1846179771210799	-1.1968655042159038	-1.0929924496244332	-1.1168979267406471	-1.117134134999467	-1.1389690283042313	-1.153311478244152	-1.1550282727237076	-1.1622804781951455	-1.16195101896658	-1.1486690450384633	-1.150571728424652	-1.1616268232546059	-1.1380346407231334	-1.152607298766152	-1.1512834804171472	-1.1162602518345857	-1.1072548452036735	-1.156044392079708	-1.316169606091326	-1.6494846944640276	-1.6882162832070222	-1.6689418423767715	-1.6670801656105418	-1.6342038949745896	-1.6348308662791966	-1.6309611392743586	-1.631274555905471	-1.6351589115262202	-1.635126834778047	-1.6341695475394802	-1.707957630170996	-1.712380801654423	-1.737306912840529	-1.7193565729592934	-1.7157089905641747	-1.7070968699925848	-1.705807647068313	-1.705625428445354	-1.6872049574501558	-1.6868643918401844	-1.692719752224485	-1.6888069261585115	-1.688613402915508	-1.6808505423360944	-1.666654006903413	-1.666867637217517	-1.667598411225015	-1.6689393189146753	-1.6910832051992333	-1.7328088274832758	-1.7068753405024528	-1.7113361070675353	-1.708593466401496	-1.7330917812476982	-1.7233026655179058	-1.7243197750436166	-1.7184295774685856	-1.663643478300535	-1.638932759608336	-1.6280689192214786	-1.6569058652880984	-1.6281934968998792	-1.628001511251956	-1.6274114990634618	-1.6291873779218766	-1.628102871275764	-1.6261538922799914	-1.626887032448325	-1.5962183375529195	-1.5930054401138845	-1.592818633081308	-1.5836392557974424	-1.5846138712552724	-1.5744755471025997	-1.5873806414467235	-1.587872426356137	-1.605920069466798	-1.6202980540880934	-1.6179291017325543	-1.619008223940616	-1.5498499644229582	-1.5406504791673112	-1.5417529341454677	-1.5426960647972934	-1.6012117232457836	-1.6043102872960702	-1.6061744414196804	-1.5800450608267613	-1.6057336003010587	-1.6057986102799677	-1.5271489517908279	-1.5285423605261947	-1.5288398572976796	-1.5252529944378965	-1.5293691910448133	-1.5293542429519111	-1.5960354279087763
12.510849039901	12.408843080758746	12.391563606028736	12.377995604999919	12.381444228830832	12.37328868608317	12.486180244887917	12.502161064158946	12.456392582962525	12.480829401212919	12.48103510436577	12.47704600079166	12.491719829349355	12.485602460030428	12.485445839119091	12.488502820422104	12.690080343503194	12.696966690404572	12.673537347434419	12.70816855410013	12.902592511500412	12.78249255201269	12.788550895414009	12.81881189263976	13.171282324051944	13.115288315735254	13.11145658944889	13.077301633537802	13.109897475568008	13.053647778013778	13.059146890679319	13.02171992899904	13.093051691954859	13.085991701135445	13.083436165427223	12.98582867276871	12.873038558089224	13.099809357319781	13.1080180576395	13.081584523616213	12.941994896100788	12.934535308825144	12.90375383426677	12.897619466717964	12.83562280382377	12.792514532557075	12.757879054477419	12.766659563036809	12.84645171202455	12.854094493664494	12.977273928146301	12.984846674555218	12.596351738824044	12.571609976663678	12.569151877478522	12.515874988819679	12.514015670572446	12.512302121269608	12.40221688421084	12.416942254343779	12.370752363911924	12.378595343112435	12.380212901437307	12.42872104913178	12.478996213620723	12.474622205726401	12.478612760827072	12.53386596627498	12.531182169878903	12.527603090819738	12.52925269499825	12.517558673902858	12.617213743368776	12.649179826956608	12.669474385042552	12.669870418603264	12.670063053243663	12.67053003257954	12.67163813892924	12.666481549942777	12.660139249731742	12.644883664889363	12.582690473730464	12.60088972265883	12.62045874624624	12.534854890751198	12.527480978756628	12.262395602683736	12.261979051156102	12.262541527195285	12.259834405668277	12.26696100369052	12.269539931310064	12.30840222141962	12.321381767214554	12.351190997793202	12.351702127240019	12.331257840165694	12.251935384442024	12.251834798545666	12.235959972684228	12.233999782343641	12.191934348160236	12.193797942448448	12.344851037011148	12.145454650189025	12.145977957837175	12.137165349411124	12.114906800982112	12.112713859021266	12.098579469447056	12.09871441088163	11.955838646407182	11.954865250226735	11.95465394627657	11.92306581027255	11.932025111197401	11.945960862778417	11.93891944590222	11.960166227575435	11.903879729592598	11.863861347575337	11.928951670309578	11.898390575147474	11.904571281380175	11.904566980150497	11.918010592866448	11.91826741373014	11.926671562441886	11.919603232325379	11.921236700447457	11.927723713522397	11.927968302438813	11.953649656271718	11.953533231440469	11.944298031015554	11.944000658193168	11.948420933147018	11.947395964629113	11.94761833681204	11.948231709402105	11.959075694607092	11.961185294459261	11.906700858352842	11.910771117104701	11.910883056765577	11.911558443683074	11.91663160827586	11.914063599964877	11.930686274345081	11.942639808634906	11.992993027349696	11.989258696554984	11.983330951737203	11.979131730896842	11.984119904985677	11.956706846437006	11.958384173925015	11.957560547906422	11.961564664949902	12.045835683861764	12.017343066818652	12.013647775391588	12.00264669116407	12.00383960749707	12.008280188119448	12.008682601499906	12.006253857971865	12.008079532835374	12.012582475917737	12.012792044915798	12.008486288455048	12.005829409808868	12.006063793716308	12.01176740926792	12.011156921752185	12.003439891990748	11.995330056455623	11.995248969275206	11.991339709565157	11.976938114893654	11.995068281026537	11.996170590651982	11.99031115480545	12.016928249313885	12.017992781746365	12.01895936730928	12.004025945835576	12.003054593427901	12.002961318123802	11.994006225237076	12.008405741448438	12.009078993099942	12.04600821577402	12.045068507640021	12.045244257719512	11.998651493786568	12.01160991113614	12.011641739656806	12.016147858625807
10.757562704758563	10.820325336449832	10.846452966727142	10.85015938244999	10.861716674913206	10.850962235886842	10.784777515621194	10.784693550366795	10.820805653381322	10.780074311843334	10.780690651112117	10.754889789827738	10.752438183179752	10.807372040702377	10.831243987248799	10.840687587934513	10.769168516256824	10.77600150995225	10.767379200333169	10.750727305839478	10.700361768099981	10.823886868165607	10.796165784469075	10.834316939070535	10.684897146340106	10.69468821976843	10.692919790338987	10.641172045085606	10.7725929103493	10.636250196337356	10.63714635378153	10.641799809155744	10.667093072891268	10.67180167640058	10.712103025899593	10.721377893290882	10.747905147736777	10.686250031674886	10.69040340785136	10.676647606869516	10.620430060394325	10.702412922083365	10.677597602188477	10.70193211133696	10.754569786914352	10.73536386225347	10.676055503358038	10.653614271096648	10.675132530320527	10.677817917529007	10.67156073217807	10.725178998355517	10.616039070108805	10.779029252908973	10.777926573622786	10.740030458244178	10.74645776502019	10.745224891657355	10.755045888844291	10.762282440426299	10.754887177908076	10.750524938471841	10.717329548348125	10.661927636814967	10.625707817145766	10.644984437882478	10.668149384841112	10.679534324391604	10.684661168195069	10.67958927116506	10.682835084171069	10.682738313631539	10.73120726317821	10.71867143872404	10.694616181772702	10.692392189977374	10.695710399568032	10.695421180584546	10.674044380495143	10.663290195241132	10.645613776589332	10.674398328770856	10.639241798616753	10.631448533747482	10.609883050887383	10.701905818811012	10.659231889548803	10.70881970302167	10.705601864366539	10.673089389537695	10.67196137610677	10.654780690686371	10.656491422384285	10.656838066514645	10.652164937854222	10.626093051517312	10.62668261054009	10.648473121849948	10.622242561969966	10.659619313752968	10.653291551686557	10.647007390085975	10.709819397265044	10.702112276414859	10.630550367492512	10.703673735714222	10.703282757881091	10.694245503790668	10.688179124147723	10.623851308371277	10.631128704146137	10.634057926183386	10.627521720422184	10.629084799072364	10.630632768222346	10.624783520030224	10.629268804338468	10.63341933690128	10.628524231999448	10.639072008140326	10.557198812558344	10.584560337843469	10.625946059695401	10.640273651348455	10.63543917773576	10.635608709326547	10.605616040323804	10.606854390509582	10.610750378374158	10.630038063505623	10.626732861102552	10.619691710576976	10.622030668447888	10.599257809833846	10.59337986222551	10.616443105330532	10.609355211732412	10.612933578651287	10.600119647474537	10.600332501657197	10.600630475308213	10.614767646900876	10.613469552658009	10.62069673495178	10.625467492209925	10.62538836586979	10.629189146857389	10.624553802235422	10.624095429695405	10.620637560670588	10.593712908636876	10.630101617039484	10.630945074955958	10.615192292595884	10.609376853272305	10.608179411737531	10.626872324130924	10.629133795139543	10.629364696979023	10.613295463289948	10.592786460521129	10.61605033619813	10.622995659157164	10.596861140888265	10.615974354041082	10.619440293515614	10.6194262103614	10.617289278610311	10.617589196453732	10.615087396936321	10.615333805687573	10.619567620886375	10.616529924655893	10.616079927223437	10.607332309805708	10.60492056325309	10.60585562311718	10.609240498312209	10.60890296044041	10.63841600227435	10.628755522517269	10.612932992321102	10.613353784503257	10.599031612943252	10.613879273420523	10.611662715044574	10.601965289476885	10.613604172409053	10.613762049756618	10.612577829129132	10.618942343727811	10.597706435935887	10.597708764641743	10.609578960777617	10.60829822044546	10.611292030521394	10.62537067453983	10.618376478124695	10.618377380547443	10.600002240124427
